the moon caffe, 31073
sandwicheez, 4917
sunbucks, 15813
tripoli, 16168
the french place, 59072
burger science, 82431
twisted noodle, 50926
fritastic, 26611
linen steak, 20526
urge fries, 72815
dream pastry, 44102
sushiya, 31537
harmony healthy, 50282
fuel max, 83122
gourmet juice, 42051
healthy salads, 34241
service slices, 85013
bulk pro,72916
cargo eats, 92036
cure fish,48189
viva pizza, 77945
smack burger, 18132
bit healthy, 81512
flawless pasta, 41615
blend, 58125
forage burger, 22891
vanity glass, 58723
hotspot meat, 16615
friwind, 68615
ascend steak, 47346
smoke lab, 78186
smart eats, 9152
chef burger, 50134
street foodies, 41041
uncle bens, 1052
flying tomatoes, 419
cottage food, 1451
trioduo, 8141
anospace, 41842
k-eat, 51612
migusta, 41824
little india, 9141
any grill, 14821
satoris sushi, 41292
lovelace pasta, 75128